{
  "feature_cols": [
    "RMS_X",
    "RMS_Y",
    "RMS_Z",
    "PP_X",
    "PP_Y",
    "PP_Z",
    "KURTOSIS_X",
    "KURTOSIS_Y",
    "KURTOSIS_Z",
    "F1_X",
    "F1_Y",
    "F1_Z",
    "M1_X",
    "M1_Y",
    "M1_Z",
    "F2_X",
    "F2_Y",
    "F2_Z",
    "M2_X",
    "M2_Y",
    "M2_Z",
    "F3_X",
    "F3_Y",
    "F3_Z",
    "M3_X",
    "M3_Y",
    "M3_Z",
    "F4_X",
    "F4_Y",
    "F4_Z",
    "M4_X",
    "M4_Y",
    "M4_Z",
    "F5_X",
    "F5_Y",
    "F5_Z",
    "M5_X",
    "M5_Y",
    "M5_Z",
    "F6_X",
    "F6_Y",
    "F6_Z",
    "M6_X",
    "M6_Y",
    "M6_Z",
    "F7_X",
    "F7_Y",
    "F7_Z",
    "M7_X",
    "M7_Y",
    "M7_Z",
    "F8_X",
    "F8_Y",
    "F8_Z",
    "M8_X",
    "M8_Y",
    "M8_Z"
  ],
  "mean": [
    0.9004980204209188,
    1.0203834132110847,
    1.5739820795999095,
    5.331500312565101,
    5.978666388831003,
    8.580846009585315,
    -0.10225463638257964,
    -0.22634090435507337,
    -0.24500104188372468,
    91.32527609918733,
    66.21108564284226,
    55.54740570952282,
    -11.442517191081473,
    -11.468191289852069,
    -7.557188997707872,
    129.24338403834133,
    85.80933527818296,
    98.04230047926652,
    -17.67378828922695,
    -14.979183163158986,
    -13.721869139404063,
    169.19003959158158,
    104.9739529068556,
    102.35528235048969,
    -19.697122317149375,
    -17.457524484267534,
    -16.10997291102318,
    182.13398624713483,
    118.2998541362784,
    118.30839758282976,
    -21.183133986247167,
    -19.28912273390293,
    -17.720093769535378,
    186.91289852052512,
    127.88143363200666,
    116.74411335694937,
    -22.265759533236057,
    -21.1869952073348,
    -19.02248385080224,
    187.69993748697647,
    135.19399874973954,
    123.99604084184205,
    -23.067751614919803,
    -22.52693477807877,
    -20.016445092727633,
    193.8449677016045,
    137.63784121692018,
    134.13377787038965,
    -23.72692644300894,
    -23.696465930402105,
    -20.82614086267971,
    199.90247968326736,
    142.08022504688478,
    140.39424880183373,
    -24.272092102521434,
    -24.705240675140736,
    -21.499599916649323
  ],
  "std": [
    0.4397961484178768,
    0.33301663953732025,
    0.8337603521075948,
    2.0714402126652613,
    1.7899302078478205,
    3.159485668681285,
    0.5465450416626445,
    0.3251413997562947,
    0.5308368320273964,
    113.04550755004679,
    50.4730635677535,
    54.39647265953584,
    8.166627277031882,
    4.061094238492706,
    7.167830093082314,
    108.67180262159353,
    58.69472863353534,
    80.53586214395108,
    6.724080531751475,
    3.318944824562355,
    4.911454348375251,
    123.47090391735256,
    64.62510501008656,
    68.7386236678124,
    6.150592887276275,
    2.8785070129574404,
    4.702225027772552,
    129.79750113007972,
    77.4160873145791,
    76.46633065073587,
    5.948241071188741,
    2.8454156109985727,
    4.721457106811584,
    130.3350432659712,
    84.43718717474148,
    80.099775989746,
    5.889365911633713,
    3.1988991865332728,
    4.802847795393635,
    127.60698571263003,
    91.03187993583255,
    87.7563460443259,
    5.864489432810692,
    3.2304265348590384,
    4.851170052251957,
    125.82250722685862,
    93.16253250983246,
    93.9011975756894,
    5.888339269699152,
    3.245696343074,
    4.875768692582411,
    123.32605131268946,
    100.27855360368918,
    98.79652367614531,
    5.920700167733664,
    3.3021143875442505,
    4.896686153391663
  ]
}