{
  "sev_min": 0.14463871981948914,
  "sev_max": 7.424833556825857,
  "key_feats": [
    "RMS_X",
    "RMS_Y",
    "RMS_Z",
    "PP_X",
    "PP_Y",
    "PP_Z"
  ],
  "healthy_means": [
    0.3741,
    0.67315,
    0.5854125,
    2.6336125000000004,
    4.200925,
    3.86655
  ],
  "healthy_stds": [
    0.18195037785066565,
    0.15486874281145308,
    0.180322848923119,
    1.4734946809689373,
    1.3666324101143656,
    1.4931803633519964
  ]
}